{
  "config": "{\"version\":\"5.60\",\"themeCollection\":{\"baseTheme\":{\"name\":\"CY24SU06\",\"version\":\"5.56\",\"type\":2}},\"activeSectionIndex\":0,\"defaultDrillFilterOtherVisuals\":true,\"slowDataSourceSettings\":{\"isCrossHighlightingDisabled\":false,\"isSlicerSelectionsButtonEnabled\":false,\"isFilterSelectionsButtonEnabled\":false,\"isFieldWellButtonEnabled\":false,\"isApplyAllButtonEnabled\":false},\"linguisticSchemaSyncVersion\":2,\"settings\":{\"useNewFilterPaneExperience\":true,\"allowChangeFilterTypes\":true,\"useStylableVisualContainerHeader\":true,\"queryLimitOption\":6,\"exportDataMode\":1,\"useDefaultAggregateDisplayName\":true,\"useEnhancedTooltips\":true},\"objects\":{\"section\":[{\"properties\":{\"verticalAlignment\":{\"expr\":{\"Literal\":{\"Value\":\"'Top'\"}}}}}],\"outspacePane\":[{\"properties\":{\"expanded\":{\"expr\":{\"Literal\":{\"Value\":\"false\"}}}}}]}}",
  "layoutOptimization": 0,
  "pods": [
    {
      "boundSection": "3da8b43577a05da05ed9",
      "config": "{}",
      "name": "aedb34da1e8451709c18"
    }
  ],
  "resourcePackages": [
    {
      "resourcePackage": {
        "disabled": false,
        "items": [
          {
            "name": "839d0842fb45623e903b144ba4e16f5291055693325992.jpg",
            "path": "839d0842fb45623e903b144ba4e16f5291055693325992.jpg",
            "type": 100
          },
          {
            "name": "839d0842fb45623e903b144ba4e16f7131253619477653.jpg",
            "path": "839d0842fb45623e903b144ba4e16f7131253619477653.jpg",
            "type": 100
          }
        ],
        "name": "RegisteredResources",
        "type": 1
      }
    },
    {
      "resourcePackage": {
        "disabled": false,
        "items": [
          {
            "name": "CY24SU06",
            "path": "BaseThemes/CY24SU06.json",
            "type": 202
          }
        ],
        "name": "SharedResources",
        "type": 2
      }
    }
  ],
  "sections": [
    {
      "config": "{\"objects\":{\"background\":[{\"properties\":{\"image\":{\"image\":{\"name\":{\"expr\":{\"Literal\":{\"Value\":\"'839d0842fb45623e903b144ba4e16fb9.jpg'\"}}},\"url\":{\"expr\":{\"ResourcePackageItem\":{\"PackageName\":\"RegisteredResources\",\"PackageType\":1,\"ItemName\":\"839d0842fb45623e903b144ba4e16f7131253619477653.jpg\"}}},\"scaling\":{\"expr\":{\"Literal\":{\"Value\":\"'Fit'\"}}}}},\"transparency\":{\"expr\":{\"Literal\":{\"Value\":\"24D\"}}}}}]}}",
      "displayName": "Page 1",
      "displayOption": 1,
      "filters": "[]",
      "height": 720.00,
      "name": "3da8b43577a05da05ed9",
      "visualContainers": [
        {
          "config": "{\"name\":\"0ed34fd20ecefcab9759\",\"layouts\":[{\"id\":0,\"position\":{\"x\":245.83690987124461,\"y\":0,\"z\":3000,\"width\":501.28755364806864,\"height\":263.6909871244635,\"tabOrder\":3000}}],\"singleVisual\":{\"visualType\":\"stackedAreaChart\",\"projections\":{\"Category\":[{\"queryRef\":\"Sheet1.Order Date.Variation.Date Hierarchy.Month\",\"active\":true}],\"Y\":[{\"queryRef\":\"Sum(Sheet1.Sales)\"}],\"Series\":[{\"queryRef\":\"Sheet1.Order Date.Variation.Date Hierarchy.Year\"}]},\"prototypeQuery\":{\"Version\":2,\"From\":[{\"Name\":\"s\",\"Entity\":\"Sheet1\",\"Type\":0}],\"Select\":[{\"HierarchyLevel\":{\"Expression\":{\"Hierarchy\":{\"Expression\":{\"PropertyVariationSource\":{\"Expression\":{\"SourceRef\":{\"Source\":\"s\"}},\"Name\":\"Variation\",\"Property\":\"Order Date\"}},\"Hierarchy\":\"Date Hierarchy\"}},\"Level\":\"Month\"},\"Name\":\"Sheet1.Order Date.Variation.Date Hierarchy.Month\",\"NativeReferenceName\":\"Order Date Month\"},{\"Aggregation\":{\"Expression\":{\"Column\":{\"Expression\":{\"SourceRef\":{\"Source\":\"s\"}},\"Property\":\"Sales\"}},\"Function\":0},\"Name\":\"Sum(Sheet1.Sales)\",\"NativeReferenceName\":\"Sum of Sales\"},{\"HierarchyLevel\":{\"Expression\":{\"Hierarchy\":{\"Expression\":{\"PropertyVariationSource\":{\"Expression\":{\"SourceRef\":{\"Source\":\"s\"}},\"Name\":\"Variation\",\"Property\":\"Order Date\"}},\"Hierarchy\":\"Date Hierarchy\"}},\"Level\":\"Year\"},\"Name\":\"Sheet1.Order Date.Variation.Date Hierarchy.Year\",\"NativeReferenceName\":\"Order Date Year\"}]},\"drillFilterOtherVisuals\":true,\"objects\":{\"categoryAxis\":[{\"properties\":{\"maxMarginFactor\":{\"expr\":{\"Literal\":{\"Value\":\"37L\"}}},\"fontSize\":{\"expr\":{\"Literal\":{\"Value\":\"10D\"}}},\"labelColor\":{\"solid\":{\"color\":{\"expr\":{\"ThemeDataColor\":{\"ColorId\":0,\"Percent\":0}}}}},\"showAxisTitle\":{\"expr\":{\"Literal\":{\"Value\":\"false\"}}}}}],\"valueAxis\":[{\"properties\":{\"show\":{\"expr\":{\"Literal\":{\"Value\":\"true\"}}},\"fontSize\":{\"expr\":{\"Literal\":{\"Value\":\"10D\"}}},\"labelColor\":{\"solid\":{\"color\":{\"expr\":{\"ThemeDataColor\":{\"ColorId\":0,\"Percent\":0}}}}},\"showAxisTitle\":{\"expr\":{\"Literal\":{\"Value\":\"false\"}}},\"gridlineShow\":{\"expr\":{\"Literal\":{\"Value\":\"false\"}}}}}],\"dataPoint\":[{\"properties\":{\"fill\":{\"solid\":{\"color\":{\"expr\":{\"ThemeDataColor\":{\"ColorId\":4,\"Percent\":0}}}}}}}],\"labels\":[{\"properties\":{\"show\":{\"expr\":{\"Literal\":{\"Value\":\"false\"}}},\"color\":{\"solid\":{\"color\":{\"expr\":{\"ThemeDataColor\":{\"ColorId\":0,\"Percent\":0}}}}}}}],\"legend\":[{\"properties\":{\"legendMarkerRendering\":{\"expr\":{\"Literal\":{\"Value\":\"'markerCircleDefault'\"}}},\"labelColor\":{\"solid\":{\"color\":{\"expr\":{\"ThemeDataColor\":{\"ColorId\":0,\"Percent\":0}}}}}}}]},\"vcObjects\":{\"title\":[{\"properties\":{\"titleWrap\":{\"expr\":{\"Literal\":{\"Value\":\"true\"}}},\"fontColor\":{\"solid\":{\"color\":{\"expr\":{\"ThemeDataColor\":{\"ColorId\":0,\"Percent\":0}}}}},\"alignment\":{\"expr\":{\"Literal\":{\"Value\":\"'center'\"}}},\"text\":{\"expr\":{\"Literal\":{\"Value\":\"'Monthly Sales by YoY'\"}}}}}],\"background\":[{\"properties\":{\"show\":{\"expr\":{\"Literal\":{\"Value\":\"true\"}}},\"transparency\":{\"expr\":{\"Literal\":{\"Value\":\"88D\"}}}}}],\"border\":[{\"properties\":{\"show\":{\"expr\":{\"Literal\":{\"Value\":\"true\"}}},\"color\":{\"solid\":{\"color\":{\"expr\":{\"ThemeDataColor\":{\"ColorId\":4,\"Percent\":0.6}}}}},\"radius\":{\"expr\":{\"Literal\":{\"Value\":\"11D\"}}},\"width\":{\"expr\":{\"Literal\":{\"Value\":\"1D\"}}}}}],\"visualHeader\":[{\"properties\":{\"show\":{\"expr\":{\"Literal\":{\"Value\":\"false\"}}}}}]}}}",
          "filters": "[]",
          "height": 263.69,
          "width": 501.29,
          "x": 245.84,
          "y": 0.00,
          "z": 3000.00
        },
        {
          "config": "{\"name\":\"28df347b662789da7435\",\"layouts\":[{\"id\":0,\"position\":{\"x\":756.7381974248926,\"y\":277.79826359215184,\"z\":12000,\"width\":267.81115879828326,\"height\":111.24463519313305,\"tabOrder\":12000}}],\"singleVisual\":{\"visualType\":\"card\",\"projections\":{\"Values\":[{\"queryRef\":\"Sum(Sheet1.Quantity)\"}]},\"prototypeQuery\":{\"Version\":2,\"From\":[{\"Name\":\"s\",\"Entity\":\"Sheet1\",\"Type\":0}],\"Select\":[{\"Aggregation\":{\"Expression\":{\"Column\":{\"Expression\":{\"SourceRef\":{\"Source\":\"s\"}},\"Property\":\"Quantity\"}},\"Function\":0},\"Name\":\"Sum(Sheet1.Quantity)\",\"NativeReferenceName\":\"Sum of Quantity\"}],\"OrderBy\":[{\"Direction\":2,\"Expression\":{\"Aggregation\":{\"Expression\":{\"Column\":{\"Expression\":{\"SourceRef\":{\"Source\":\"s\"}},\"Property\":\"Quantity\"}},\"Function\":0}}}]},\"drillFilterOtherVisuals\":true,\"hasDefaultSort\":true,\"objects\":{\"categoryLabels\":[{\"properties\":{\"show\":{\"expr\":{\"Literal\":{\"Value\":\"false\"}}}}}],\"labels\":[{\"properties\":{\"color\":{\"solid\":{\"color\":{\"expr\":{\"ThemeDataColor\":{\"ColorId\":0,\"Percent\":0}}}}},\"fontSize\":{\"expr\":{\"Literal\":{\"Value\":\"45D\"}}}}}]},\"vcObjects\":{\"title\":[{\"properties\":{\"text\":{\"expr\":{\"Literal\":{\"Value\":\"'Quantity'\"}}},\"titleWrap\":{\"expr\":{\"Literal\":{\"Value\":\"true\"}}},\"fontColor\":{\"solid\":{\"color\":{\"expr\":{\"ThemeDataColor\":{\"ColorId\":0,\"Percent\":0}}}}},\"alignment\":{\"expr\":{\"Literal\":{\"Value\":\"'center'\"}}},\"show\":{\"expr\":{\"Literal\":{\"Value\":\"true\"}}}}}],\"background\":[{\"properties\":{\"show\":{\"expr\":{\"Literal\":{\"Value\":\"true\"}}},\"transparency\":{\"expr\":{\"Literal\":{\"Value\":\"88D\"}}}}}],\"border\":[{\"properties\":{\"show\":{\"expr\":{\"Literal\":{\"Value\":\"true\"}}},\"color\":{\"solid\":{\"color\":{\"expr\":{\"ThemeDataColor\":{\"ColorId\":4,\"Percent\":0.6}}}}},\"radius\":{\"expr\":{\"Literal\":{\"Value\":\"11D\"}}},\"width\":{\"expr\":{\"Literal\":{\"Value\":\"1D\"}}}}}],\"visualHeader\":[{\"properties\":{\"show\":{\"expr\":{\"Literal\":{\"Value\":\"false\"}}}}}],\"visualTooltip\":[{\"properties\":{\"show\":{\"expr\":{\"Literal\":{\"Value\":\"false\"}}}}}]}}}",
          "filters": "[]",
          "height": 111.24,
          "width": 267.81,
          "x": 756.74,
          "y": 277.80,
          "z": 12000.00
        },
        {
          "config": "{\"name\":\"2b7ab8efe1d615756a8c\",\"layouts\":[{\"id\":0,\"position\":{\"x\":497.16738197424894,\"y\":521.8884120171674,\"z\":6000,\"width\":249.95708154506437,\"height\":197.76824034334763,\"tabOrder\":6000}}],\"singleVisual\":{\"visualType\":\"donutChart\",\"projections\":{\"Category\":[{\"queryRef\":\"Sheet1.Segment\",\"active\":true}],\"Y\":[{\"queryRef\":\"Sum(Sheet1.Sales)\"}]},\"prototypeQuery\":{\"Version\":2,\"From\":[{\"Name\":\"s\",\"Entity\":\"Sheet1\",\"Type\":0}],\"Select\":[{\"Column\":{\"Expression\":{\"SourceRef\":{\"Source\":\"s\"}},\"Property\":\"Segment\"},\"Name\":\"Sheet1.Segment\",\"NativeReferenceName\":\"Segment\"},{\"Aggregation\":{\"Expression\":{\"Column\":{\"Expression\":{\"SourceRef\":{\"Source\":\"s\"}},\"Property\":\"Sales\"}},\"Function\":0},\"Name\":\"Sum(Sheet1.Sales)\",\"NativeReferenceName\":\"Sum of Sales\"}],\"OrderBy\":[{\"Direction\":2,\"Expression\":{\"Aggregation\":{\"Expression\":{\"Column\":{\"Expression\":{\"SourceRef\":{\"Source\":\"s\"}},\"Property\":\"Sales\"}},\"Function\":0}}}]},\"drillFilterOtherVisuals\":true,\"hasDefaultSort\":true,\"objects\":{\"legend\":[{\"properties\":{\"labelColor\":{\"solid\":{\"color\":{\"expr\":{\"ThemeDataColor\":{\"ColorId\":0,\"Percent\":0}}}}},\"show\":{\"expr\":{\"Literal\":{\"Value\":\"false\"}}}}}],\"dataPoint\":[{\"properties\":{\"fill\":{\"solid\":{\"color\":{\"expr\":{\"ThemeDataColor\":{\"ColorId\":4,\"Percent\":0}}}}}}}],\"labels\":[{\"properties\":{\"show\":{\"expr\":{\"Literal\":{\"Value\":\"true\"}}},\"color\":{\"solid\":{\"color\":{\"expr\":{\"ThemeDataColor\":{\"ColorId\":0,\"Percent\":0}}}}},\"labelStyle\":{\"expr\":{\"Literal\":{\"Value\":\"'Category, percent of total'\"}}},\"percentageLabelPrecision\":{\"expr\":{\"Literal\":{\"Value\":\"0L\"}}}}}],\"slices\":[{\"properties\":{\"startAngle\":{\"expr\":{\"Literal\":{\"Value\":\"0L\"}}}}}]},\"vcObjects\":{\"title\":[{\"properties\":{\"titleWrap\":{\"expr\":{\"Literal\":{\"Value\":\"true\"}}},\"fontColor\":{\"solid\":{\"color\":{\"expr\":{\"ThemeDataColor\":{\"ColorId\":0,\"Percent\":0}}}}},\"alignment\":{\"expr\":{\"Literal\":{\"Value\":\"'center'\"}}},\"text\":{\"expr\":{\"Literal\":{\"Value\":\"'Segment by Sales'\"}}}}}],\"background\":[{\"properties\":{\"show\":{\"expr\":{\"Literal\":{\"Value\":\"true\"}}},\"transparency\":{\"expr\":{\"Literal\":{\"Value\":\"88D\"}}}}}],\"border\":[{\"properties\":{\"show\":{\"expr\":{\"Literal\":{\"Value\":\"true\"}}},\"color\":{\"solid\":{\"color\":{\"expr\":{\"ThemeDataColor\":{\"ColorId\":4,\"Percent\":0.6}}}}},\"radius\":{\"expr\":{\"Literal\":{\"Value\":\"11D\"}}},\"width\":{\"expr\":{\"Literal\":{\"Value\":\"1D\"}}}}}],\"visualHeader\":[{\"properties\":{\"show\":{\"expr\":{\"Literal\":{\"Value\":\"false\"}}}}}]}}}",
          "filters": "[]",
          "height": 197.77,
          "width": 249.96,
          "x": 497.17,
          "y": 521.89,
          "z": 6000.00
        },
        {
          "config": "{\"name\":\"31967d306b1fa20e23a2\",\"layouts\":[{\"id\":0,\"position\":{\"x\":1024.549356223176,\"y\":275.05148247627204,\"z\":11000,\"width\":255.45064377682402,\"height\":111.24463519313305,\"tabOrder\":11000}}],\"singleVisual\":{\"visualType\":\"card\",\"projections\":{\"Values\":[{\"queryRef\":\"Sum(Sheet1.Sales)\"}]},\"prototypeQuery\":{\"Version\":2,\"From\":[{\"Name\":\"s\",\"Entity\":\"Sheet1\",\"Type\":0}],\"Select\":[{\"Aggregation\":{\"Expression\":{\"Column\":{\"Expression\":{\"SourceRef\":{\"Source\":\"s\"}},\"Property\":\"Sales\"}},\"Function\":0},\"Name\":\"Sum(Sheet1.Sales)\",\"NativeReferenceName\":\"Sum of Sales\"}],\"OrderBy\":[{\"Direction\":2,\"Expression\":{\"Aggregation\":{\"Expression\":{\"Column\":{\"Expression\":{\"SourceRef\":{\"Source\":\"s\"}},\"Property\":\"Sales\"}},\"Function\":0}}}]},\"drillFilterOtherVisuals\":true,\"hasDefaultSort\":true,\"objects\":{\"categoryLabels\":[{\"properties\":{\"show\":{\"expr\":{\"Literal\":{\"Value\":\"false\"}}}}}],\"labels\":[{\"properties\":{\"color\":{\"solid\":{\"color\":{\"expr\":{\"ThemeDataColor\":{\"ColorId\":0,\"Percent\":0}}}}},\"fontSize\":{\"expr\":{\"Literal\":{\"Value\":\"45D\"}}},\"labelPrecision\":{\"expr\":{\"Literal\":{\"Value\":\"1L\"}}}}}]},\"vcObjects\":{\"title\":[{\"properties\":{\"text\":{\"expr\":{\"Literal\":{\"Value\":\"'Sales'\"}}},\"titleWrap\":{\"expr\":{\"Literal\":{\"Value\":\"true\"}}},\"fontColor\":{\"solid\":{\"color\":{\"expr\":{\"ThemeDataColor\":{\"ColorId\":0,\"Percent\":0}}}}},\"alignment\":{\"expr\":{\"Literal\":{\"Value\":\"'center'\"}}},\"show\":{\"expr\":{\"Literal\":{\"Value\":\"true\"}}}}}],\"background\":[{\"properties\":{\"show\":{\"expr\":{\"Literal\":{\"Value\":\"true\"}}},\"transparency\":{\"expr\":{\"Literal\":{\"Value\":\"88D\"}}}}}],\"border\":[{\"properties\":{\"show\":{\"expr\":{\"Literal\":{\"Value\":\"true\"}}},\"color\":{\"solid\":{\"color\":{\"expr\":{\"ThemeDataColor\":{\"ColorId\":4,\"Percent\":0.6}}}}},\"radius\":{\"expr\":{\"Literal\":{\"Value\":\"11D\"}}},\"width\":{\"expr\":{\"Literal\":{\"Value\":\"1D\"}}}}}],\"visualHeader\":[{\"properties\":{\"show\":{\"expr\":{\"Literal\":{\"Value\":\"false\"}}}}}],\"visualTooltip\":[{\"properties\":{\"show\":{\"expr\":{\"Literal\":{\"Value\":\"false\"}}}}}]}}}",
          "filters": "[]",
          "height": 111.24,
          "width": 255.45,
          "x": 1024.55,
          "y": 275.05,
          "z": 11000.00
        },
        {
          "config": "{\"name\":\"4b765307f8b926c687be\",\"layouts\":[{\"id\":0,\"position\":{\"x\":987.4678111587982,\"y\":521.8884120171674,\"z\":9000,\"width\":292.53218884120173,\"height\":197.76824034334763,\"tabOrder\":9000}}],\"singleVisual\":{\"visualType\":\"advancedSlicerVisual\",\"projections\":{\"Values\":[{\"queryRef\":\"Sheet1.Region\"}]},\"prototypeQuery\":{\"Version\":2,\"From\":[{\"Name\":\"s\",\"Entity\":\"Sheet1\",\"Type\":0}],\"Select\":[{\"Column\":{\"Expression\":{\"SourceRef\":{\"Source\":\"s\"}},\"Property\":\"Region\"},\"Name\":\"Sheet1.Region\",\"NativeReferenceName\":\"Region\"}]},\"drillFilterOtherVisuals\":true,\"objects\":{\"selection\":[{\"properties\":{\"strictSingleSelect\":{\"expr\":{\"Literal\":{\"Value\":\"false\"}}},\"selectAllCheckboxEnabled\":{\"expr\":{\"Literal\":{\"Value\":\"false\"}}}}}],\"general\":[{\"properties\":{}}],\"layout\":[{\"properties\":{\"orientation\":{\"expr\":{\"Literal\":{\"Value\":\"1D\"}}},\"maxTiles\":{\"expr\":{\"Literal\":{\"Value\":\"4L\"}}},\"style\":{\"expr\":{\"Literal\":{\"Value\":\"'Cards'\"}}}}}],\"padding\":[{\"properties\":{\"paddingSelection\":{\"expr\":{\"Literal\":{\"Value\":\"'Narrow'\"}}}},\"selector\":{\"id\":\"default\"}}],\"outline\":[{\"properties\":{\"lineColor\":{\"solid\":{\"color\":{\"expr\":{\"ThemeDataColor\":{\"ColorId\":2,\"Percent\":0.4}}}}}},\"selector\":{\"data\":[{\"dataViewWildcard\":{\"matchingOption\":1}}],\"id\":\"default\"}}],\"fillCustom\":[{\"properties\":{\"fillColor\":{\"solid\":{\"color\":{\"expr\":{\"ThemeDataColor\":{\"ColorId\":2,\"Percent\":0.4}}}}}},\"selector\":{\"data\":[{\"dataViewWildcard\":{\"matchingOption\":1}}],\"id\":\"default\"}},{\"properties\":{\"transparency\":{\"expr\":{\"Literal\":{\"Value\":\"57D\"}}}},\"selector\":{\"id\":\"default\"}}],\"value\":[{\"properties\":{\"fontColor\":{\"solid\":{\"color\":{\"expr\":{\"ThemeDataColor\":{\"ColorId\":0,\"Percent\":0}}}}}},\"selector\":{\"data\":[{\"dataViewWildcard\":{\"matchingOption\":1}}],\"id\":\"default\"}}]},\"vcObjects\":{\"title\":[{\"properties\":{\"titleWrap\":{\"expr\":{\"Literal\":{\"Value\":\"true\"}}},\"fontColor\":{\"solid\":{\"color\":{\"expr\":{\"ThemeDataColor\":{\"ColorId\":0,\"Percent\":0}}}}},\"alignment\":{\"expr\":{\"Literal\":{\"Value\":\"'center'\"}}},\"fontSize\":{\"expr\":{\"Literal\":{\"Value\":\"14D\"}}}}}],\"background\":[{\"properties\":{\"show\":{\"expr\":{\"Literal\":{\"Value\":\"true\"}}},\"transparency\":{\"expr\":{\"Literal\":{\"Value\":\"88D\"}}},\"color\":{\"solid\":{\"color\":{\"expr\":{\"ThemeDataColor\":{\"ColorId\":0,\"Percent\":0}}}}}}}],\"border\":[{\"properties\":{\"show\":{\"expr\":{\"Literal\":{\"Value\":\"true\"}}},\"color\":{\"solid\":{\"color\":{\"expr\":{\"ThemeDataColor\":{\"ColorId\":4,\"Percent\":0.6}}}}},\"radius\":{\"expr\":{\"Literal\":{\"Value\":\"11D\"}}},\"width\":{\"expr\":{\"Literal\":{\"Value\":\"1D\"}}}}}],\"visualHeader\":[{\"properties\":{\"show\":{\"expr\":{\"Literal\":{\"Value\":\"false\"}}}}}]}}}",
          "filters": "[]",
          "height": 197.77,
          "width": 292.53,
          "x": 987.47,
          "y": 521.89,
          "z": 9000.00
        },
        {
          "config": "{\"name\":\"4ee376d8f0979d2ab1ce\",\"layouts\":[{\"id\":0,\"position\":{\"x\":1.0072579948877256,\"y\":260.9442060085837,\"z\":1000,\"width\":244.46351931330472,\"height\":260.9442060085837,\"tabOrder\":1000}}],\"singleVisual\":{\"visualType\":\"clusteredBarChart\",\"projections\":{\"Y\":[{\"queryRef\":\"Sum(Sheet1.Sales)\"}],\"Category\":[{\"queryRef\":\"Sheet1.Sub-Category\",\"active\":true}]},\"prototypeQuery\":{\"Version\":2,\"From\":[{\"Name\":\"s\",\"Entity\":\"Sheet1\",\"Type\":0}],\"Select\":[{\"Aggregation\":{\"Expression\":{\"Column\":{\"Expression\":{\"SourceRef\":{\"Source\":\"s\"}},\"Property\":\"Sales\"}},\"Function\":0},\"Name\":\"Sum(Sheet1.Sales)\",\"NativeReferenceName\":\"Sum of Sales\"},{\"Column\":{\"Expression\":{\"SourceRef\":{\"Source\":\"s\"}},\"Property\":\"Sub-Category\"},\"Name\":\"Sheet1.Sub-Category\",\"NativeReferenceName\":\"Sub-Category\"}],\"OrderBy\":[{\"Direction\":2,\"Expression\":{\"Aggregation\":{\"Expression\":{\"Column\":{\"Expression\":{\"SourceRef\":{\"Source\":\"s\"}},\"Property\":\"Sales\"}},\"Function\":0}}}]},\"drillFilterOtherVisuals\":true,\"hasDefaultSort\":true,\"objects\":{\"valueAxis\":[{\"properties\":{\"showAxisTitle\":{\"expr\":{\"Literal\":{\"Value\":\"false\"}}},\"fontSize\":{\"expr\":{\"Literal\":{\"Value\":\"10D\"}}},\"labelColor\":{\"solid\":{\"color\":{\"expr\":{\"ThemeDataColor\":{\"ColorId\":0,\"Percent\":0}}}}},\"gridlineShow\":{\"expr\":{\"Literal\":{\"Value\":\"false\"}}},\"show\":{\"expr\":{\"Literal\":{\"Value\":\"false\"}}}}}],\"categoryAxis\":[{\"properties\":{\"showAxisTitle\":{\"expr\":{\"Literal\":{\"Value\":\"false\"}}},\"labelColor\":{\"solid\":{\"color\":{\"expr\":{\"ThemeDataColor\":{\"ColorId\":0,\"Percent\":0}}}}},\"fontSize\":{\"expr\":{\"Literal\":{\"Value\":\"10D\"}}},\"maxMarginFactor\":{\"expr\":{\"Literal\":{\"Value\":\"37L\"}}}}}],\"dataPoint\":[{\"properties\":{\"fill\":{\"solid\":{\"color\":{\"expr\":{\"ThemeDataColor\":{\"ColorId\":4,\"Percent\":0}}}}},\"fillTransparency\":{\"expr\":{\"Literal\":{\"Value\":\"0D\"}}}}}],\"labels\":[{\"properties\":{\"show\":{\"expr\":{\"Literal\":{\"Value\":\"true\"}}},\"color\":{\"solid\":{\"color\":{\"expr\":{\"ThemeDataColor\":{\"ColorId\":0,\"Percent\":0}}}}}}}]},\"vcObjects\":{\"background\":[{\"properties\":{\"transparency\":{\"expr\":{\"Literal\":{\"Value\":\"88D\"}}}}}],\"border\":[{\"properties\":{\"show\":{\"expr\":{\"Literal\":{\"Value\":\"true\"}}},\"color\":{\"solid\":{\"color\":{\"expr\":{\"ThemeDataColor\":{\"ColorId\":4,\"Percent\":0.6}}}}},\"radius\":{\"expr\":{\"Literal\":{\"Value\":\"11D\"}}}}}],\"visualHeader\":[{\"properties\":{\"show\":{\"expr\":{\"Literal\":{\"Value\":\"false\"}}}}}],\"title\":[{\"properties\":{\"text\":{\"expr\":{\"Literal\":{\"Value\":\"'Sales by Sub-Category'\"}}},\"fontColor\":{\"solid\":{\"color\":{\"expr\":{\"ThemeDataColor\":{\"ColorId\":0,\"Percent\":0}}}}},\"alignment\":{\"expr\":{\"Literal\":{\"Value\":\"'center'\"}}}}}]}}}",
          "filters": "[{\"expression\":{\"Column\":{\"Expression\":{\"SourceRef\":{\"Entity\":\"Sheet1\"}},\"Property\":\"Sub-Category\"}},\"filter\":{\"Version\":2,\"From\":[{\"Name\":\"subquery\",\"Expression\":{\"Subquery\":{\"Query\":{\"Version\":2,\"From\":[{\"Name\":\"s\",\"Entity\":\"Sheet1\",\"Type\":0}],\"Select\":[{\"Column\":{\"Expression\":{\"SourceRef\":{\"Source\":\"s\"}},\"Property\":\"Sub-Category\"},\"Name\":\"field\"}],\"OrderBy\":[{\"Direction\":2,\"Expression\":{\"Aggregation\":{\"Expression\":{\"Column\":{\"Expression\":{\"SourceRef\":{\"Source\":\"s\"}},\"Property\":\"Sales\"}},\"Function\":0}}}],\"Top\":3}}},\"Type\":2},{\"Name\":\"s\",\"Entity\":\"Sheet1\",\"Type\":0}],\"Where\":[{\"Condition\":{\"In\":{\"Expressions\":[{\"Column\":{\"Expression\":{\"SourceRef\":{\"Source\":\"s\"}},\"Property\":\"Sub-Category\"}}],\"Table\":{\"SourceRef\":{\"Source\":\"subquery\"}}}}}]},\"type\":\"TopN\",\"howCreated\":0,\"isHiddenInViewMode\":false}]",
          "height": 260.94,
          "width": 244.46,
          "x": 1.01,
          "y": 260.94,
          "z": 1000.00
        },
        {
          "config": "{\"name\":\"57ae17112808bd10e521\",\"layouts\":[{\"id\":0,\"position\":{\"x\":1.3733905579399142,\"y\":521.8884120171674,\"z\":2000,\"width\":244.46351931330472,\"height\":197.76824034334763,\"tabOrder\":2000}}],\"singleVisual\":{\"visualType\":\"clusteredBarChart\",\"projections\":{\"Y\":[{\"queryRef\":\"Sum(Sheet1.Sales)\"}],\"Category\":[{\"queryRef\":\"Sheet1.Ship Mode\",\"active\":true}]},\"prototypeQuery\":{\"Version\":2,\"From\":[{\"Name\":\"s\",\"Entity\":\"Sheet1\",\"Type\":0}],\"Select\":[{\"Aggregation\":{\"Expression\":{\"Column\":{\"Expression\":{\"SourceRef\":{\"Source\":\"s\"}},\"Property\":\"Sales\"}},\"Function\":0},\"Name\":\"Sum(Sheet1.Sales)\",\"NativeReferenceName\":\"Sum of Sales\"},{\"Column\":{\"Expression\":{\"SourceRef\":{\"Source\":\"s\"}},\"Property\":\"Ship Mode\"},\"Name\":\"Sheet1.Ship Mode\",\"NativeReferenceName\":\"Ship Mode\"}],\"OrderBy\":[{\"Direction\":2,\"Expression\":{\"Aggregation\":{\"Expression\":{\"Column\":{\"Expression\":{\"SourceRef\":{\"Source\":\"s\"}},\"Property\":\"Sales\"}},\"Function\":0}}}]},\"drillFilterOtherVisuals\":true,\"hasDefaultSort\":true,\"objects\":{\"valueAxis\":[{\"properties\":{\"showAxisTitle\":{\"expr\":{\"Literal\":{\"Value\":\"false\"}}},\"fontSize\":{\"expr\":{\"Literal\":{\"Value\":\"10D\"}}},\"labelColor\":{\"solid\":{\"color\":{\"expr\":{\"ThemeDataColor\":{\"ColorId\":0,\"Percent\":0}}}}},\"gridlineShow\":{\"expr\":{\"Literal\":{\"Value\":\"false\"}}},\"show\":{\"expr\":{\"Literal\":{\"Value\":\"false\"}}}}}],\"categoryAxis\":[{\"properties\":{\"showAxisTitle\":{\"expr\":{\"Literal\":{\"Value\":\"false\"}}},\"labelColor\":{\"solid\":{\"color\":{\"expr\":{\"ThemeDataColor\":{\"ColorId\":0,\"Percent\":0}}}}},\"fontSize\":{\"expr\":{\"Literal\":{\"Value\":\"10D\"}}},\"maxMarginFactor\":{\"expr\":{\"Literal\":{\"Value\":\"37L\"}}}}}],\"dataPoint\":[{\"properties\":{\"fill\":{\"solid\":{\"color\":{\"expr\":{\"ThemeDataColor\":{\"ColorId\":4,\"Percent\":0}}}}},\"fillTransparency\":{\"expr\":{\"Literal\":{\"Value\":\"0D\"}}}}}],\"labels\":[{\"properties\":{\"show\":{\"expr\":{\"Literal\":{\"Value\":\"true\"}}},\"color\":{\"solid\":{\"color\":{\"expr\":{\"ThemeDataColor\":{\"ColorId\":0,\"Percent\":0}}}}}}}]},\"vcObjects\":{\"background\":[{\"properties\":{\"transparency\":{\"expr\":{\"Literal\":{\"Value\":\"88D\"}}}}}],\"border\":[{\"properties\":{\"show\":{\"expr\":{\"Literal\":{\"Value\":\"true\"}}},\"color\":{\"solid\":{\"color\":{\"expr\":{\"ThemeDataColor\":{\"ColorId\":4,\"Percent\":0.6}}}}},\"radius\":{\"expr\":{\"Literal\":{\"Value\":\"11D\"}}}}}],\"visualHeader\":[{\"properties\":{\"show\":{\"expr\":{\"Literal\":{\"Value\":\"false\"}}}}}],\"title\":[{\"properties\":{\"text\":{\"expr\":{\"Literal\":{\"Value\":\"'Sales by Ship Mode'\"}}},\"fontColor\":{\"solid\":{\"color\":{\"expr\":{\"ThemeDataColor\":{\"ColorId\":0,\"Percent\":0}}}}},\"alignment\":{\"expr\":{\"Literal\":{\"Value\":\"'center'\"}}}}}]}}}",
          "filters": "[]",
          "height": 197.77,
          "width": 244.46,
          "x": 1.37,
          "y": 521.89,
          "z": 2000.00
        },
        {
          "config": "{\"name\":\"5c5df6b97b00c94435ac\",\"layouts\":[{\"id\":0,\"position\":{\"x\":245.83690987124461,\"y\":521.8884120171674,\"z\":7000,\"width\":251.3304721030043,\"height\":197.76824034334763,\"tabOrder\":7000}}],\"singleVisual\":{\"visualType\":\"donutChart\",\"projections\":{\"Category\":[{\"queryRef\":\"Sheet1.Segment\",\"active\":true}],\"Y\":[{\"queryRef\":\"CountNonNull(Sheet1.Ship Mode)\"}]},\"prototypeQuery\":{\"Version\":2,\"From\":[{\"Name\":\"s\",\"Entity\":\"Sheet1\",\"Type\":0}],\"Select\":[{\"Column\":{\"Expression\":{\"SourceRef\":{\"Source\":\"s\"}},\"Property\":\"Segment\"},\"Name\":\"Sheet1.Segment\",\"NativeReferenceName\":\"Segment\"},{\"Aggregation\":{\"Expression\":{\"Column\":{\"Expression\":{\"SourceRef\":{\"Source\":\"s\"}},\"Property\":\"Ship Mode\"}},\"Function\":5},\"Name\":\"CountNonNull(Sheet1.Ship Mode)\",\"NativeReferenceName\":\"Count of Ship Mode\"}],\"OrderBy\":[{\"Direction\":2,\"Expression\":{\"Aggregation\":{\"Expression\":{\"Column\":{\"Expression\":{\"SourceRef\":{\"Source\":\"s\"}},\"Property\":\"Ship Mode\"}},\"Function\":5}}}]},\"drillFilterOtherVisuals\":true,\"hasDefaultSort\":true,\"objects\":{\"legend\":[{\"properties\":{\"labelColor\":{\"solid\":{\"color\":{\"expr\":{\"ThemeDataColor\":{\"ColorId\":0,\"Percent\":0}}}}},\"show\":{\"expr\":{\"Literal\":{\"Value\":\"false\"}}}}}],\"dataPoint\":[{\"properties\":{\"fill\":{\"solid\":{\"color\":{\"expr\":{\"ThemeDataColor\":{\"ColorId\":4,\"Percent\":0}}}}}}}],\"labels\":[{\"properties\":{\"show\":{\"expr\":{\"Literal\":{\"Value\":\"true\"}}},\"color\":{\"solid\":{\"color\":{\"expr\":{\"ThemeDataColor\":{\"ColorId\":0,\"Percent\":0}}}}},\"labelStyle\":{\"expr\":{\"Literal\":{\"Value\":\"'Category, percent of total'\"}}},\"percentageLabelPrecision\":{\"expr\":{\"Literal\":{\"Value\":\"0L\"}}}}}],\"slices\":[{\"properties\":{\"startAngle\":{\"expr\":{\"Literal\":{\"Value\":\"0L\"}}}}}]},\"vcObjects\":{\"title\":[{\"properties\":{\"titleWrap\":{\"expr\":{\"Literal\":{\"Value\":\"true\"}}},\"fontColor\":{\"solid\":{\"color\":{\"expr\":{\"ThemeDataColor\":{\"ColorId\":0,\"Percent\":0}}}}},\"alignment\":{\"expr\":{\"Literal\":{\"Value\":\"'center'\"}}},\"text\":{\"expr\":{\"Literal\":{\"Value\":\"'Segment by Ship Mode'\"}}}}}],\"background\":[{\"properties\":{\"show\":{\"expr\":{\"Literal\":{\"Value\":\"true\"}}},\"transparency\":{\"expr\":{\"Literal\":{\"Value\":\"88D\"}}}}}],\"border\":[{\"properties\":{\"show\":{\"expr\":{\"Literal\":{\"Value\":\"true\"}}},\"color\":{\"solid\":{\"color\":{\"expr\":{\"ThemeDataColor\":{\"ColorId\":4,\"Percent\":0.6}}}}},\"radius\":{\"expr\":{\"Literal\":{\"Value\":\"11D\"}}},\"width\":{\"expr\":{\"Literal\":{\"Value\":\"1D\"}}}}}],\"visualHeader\":[{\"properties\":{\"show\":{\"expr\":{\"Literal\":{\"Value\":\"false\"}}}}}]}}}",
          "filters": "[]",
          "height": 197.77,
          "width": 251.33,
          "x": 245.84,
          "y": 521.89,
          "z": 7000.00
        },
        {
          "config": "{\"name\":\"73ff5152a8925da7c118\",\"layouts\":[{\"id\":0,\"position\":{\"x\":757,\"y\":0,\"width\":501,\"height\":264,\"z\":5000,\"tabOrder\":5000}}],\"singleVisual\":{\"visualType\":\"map\",\"projections\":{\"Category\":[{\"queryRef\":\"Sheet1.State\",\"active\":true}],\"Size\":[{\"queryRef\":\"Sum(Sheet1.Sales)\"}],\"Tooltips\":[{\"queryRef\":\"Sum(Sheet1.Profit)\"}]},\"prototypeQuery\":{\"Version\":2,\"From\":[{\"Name\":\"s\",\"Entity\":\"Sheet1\",\"Type\":0}],\"Select\":[{\"Column\":{\"Expression\":{\"SourceRef\":{\"Source\":\"s\"}},\"Property\":\"State\"},\"Name\":\"Sheet1.State\",\"NativeReferenceName\":\"State\"},{\"Aggregation\":{\"Expression\":{\"Column\":{\"Expression\":{\"SourceRef\":{\"Source\":\"s\"}},\"Property\":\"Sales\"}},\"Function\":0},\"Name\":\"Sum(Sheet1.Sales)\",\"NativeReferenceName\":\"Sum of Sales\"},{\"Aggregation\":{\"Expression\":{\"Column\":{\"Expression\":{\"SourceRef\":{\"Source\":\"s\"}},\"Property\":\"Profit\"}},\"Function\":0},\"Name\":\"Sum(Sheet1.Profit)\",\"NativeReferenceName\":\"Sum of Profit\"}]},\"drillFilterOtherVisuals\":true,\"objects\":{\"legend\":[{\"properties\":{\"labelColor\":{\"solid\":{\"color\":{\"expr\":{\"ThemeDataColor\":{\"ColorId\":0,\"Percent\":0}}}}}}}],\"dataPoint\":[{\"properties\":{\"fill\":{\"solid\":{\"color\":{\"expr\":{\"ThemeDataColor\":{\"ColorId\":4,\"Percent\":0}}}}}}}],\"mapStyles\":[{\"properties\":{\"mapTheme\":{\"expr\":{\"Literal\":{\"Value\":\"'grayscale'\"}}}}}]},\"vcObjects\":{\"title\":[{\"properties\":{\"titleWrap\":{\"expr\":{\"Literal\":{\"Value\":\"true\"}}},\"fontColor\":{\"solid\":{\"color\":{\"expr\":{\"ThemeDataColor\":{\"ColorId\":0,\"Percent\":0}}}}},\"alignment\":{\"expr\":{\"Literal\":{\"Value\":\"'center'\"}}},\"text\":{\"expr\":{\"Literal\":{\"Value\":\"'Sales and Profit by State'\"}}}}}],\"background\":[{\"properties\":{\"show\":{\"expr\":{\"Literal\":{\"Value\":\"true\"}}},\"transparency\":{\"expr\":{\"Literal\":{\"Value\":\"88D\"}}}}}],\"border\":[{\"properties\":{\"show\":{\"expr\":{\"Literal\":{\"Value\":\"true\"}}},\"color\":{\"solid\":{\"color\":{\"expr\":{\"ThemeDataColor\":{\"ColorId\":4,\"Percent\":0.6}}}}},\"radius\":{\"expr\":{\"Literal\":{\"Value\":\"11D\"}}},\"width\":{\"expr\":{\"Literal\":{\"Value\":\"1D\"}}}}}],\"visualHeader\":[{\"properties\":{\"show\":{\"expr\":{\"Literal\":{\"Value\":\"false\"}}}}}]}}}",
          "filters": "[]",
          "height": 264.00,
          "width": 501.00,
          "x": 757.00,
          "y": 0.00,
          "z": 5000.00
        },
        {
          "config": "{\"name\":\"86ef510a58bbda31d2c5\",\"layouts\":[{\"id\":0,\"position\":{\"x\":1.0072579948877256,\"y\":4.120171673819742,\"z\":0,\"width\":244.46351931330472,\"height\":256.82403433476395,\"tabOrder\":0}}],\"singleVisual\":{\"visualType\":\"clusteredBarChart\",\"projections\":{\"Y\":[{\"queryRef\":\"Sum(Sheet1.Sales)\"}],\"Category\":[{\"queryRef\":\"Sheet1.Category\",\"active\":true}]},\"prototypeQuery\":{\"Version\":2,\"From\":[{\"Name\":\"s\",\"Entity\":\"Sheet1\",\"Type\":0}],\"Select\":[{\"Aggregation\":{\"Expression\":{\"Column\":{\"Expression\":{\"SourceRef\":{\"Source\":\"s\"}},\"Property\":\"Sales\"}},\"Function\":0},\"Name\":\"Sum(Sheet1.Sales)\",\"NativeReferenceName\":\"Sum of Sales\"},{\"Column\":{\"Expression\":{\"SourceRef\":{\"Source\":\"s\"}},\"Property\":\"Category\"},\"Name\":\"Sheet1.Category\",\"NativeReferenceName\":\"Category\"}],\"OrderBy\":[{\"Direction\":2,\"Expression\":{\"Aggregation\":{\"Expression\":{\"Column\":{\"Expression\":{\"SourceRef\":{\"Source\":\"s\"}},\"Property\":\"Sales\"}},\"Function\":0}}}]},\"drillFilterOtherVisuals\":true,\"hasDefaultSort\":true,\"objects\":{\"valueAxis\":[{\"properties\":{\"showAxisTitle\":{\"expr\":{\"Literal\":{\"Value\":\"false\"}}},\"fontSize\":{\"expr\":{\"Literal\":{\"Value\":\"10D\"}}},\"labelColor\":{\"solid\":{\"color\":{\"expr\":{\"ThemeDataColor\":{\"ColorId\":0,\"Percent\":0}}}}},\"gridlineShow\":{\"expr\":{\"Literal\":{\"Value\":\"false\"}}},\"show\":{\"expr\":{\"Literal\":{\"Value\":\"false\"}}}}}],\"categoryAxis\":[{\"properties\":{\"showAxisTitle\":{\"expr\":{\"Literal\":{\"Value\":\"false\"}}},\"labelColor\":{\"solid\":{\"color\":{\"expr\":{\"ThemeDataColor\":{\"ColorId\":0,\"Percent\":0}}}}},\"fontSize\":{\"expr\":{\"Literal\":{\"Value\":\"10D\"}}},\"maxMarginFactor\":{\"expr\":{\"Literal\":{\"Value\":\"38L\"}}}}}],\"dataPoint\":[{\"properties\":{\"fill\":{\"solid\":{\"color\":{\"expr\":{\"ThemeDataColor\":{\"ColorId\":4,\"Percent\":0}}}}},\"fillTransparency\":{\"expr\":{\"Literal\":{\"Value\":\"0D\"}}}}}],\"labels\":[{\"properties\":{\"show\":{\"expr\":{\"Literal\":{\"Value\":\"true\"}}},\"color\":{\"solid\":{\"color\":{\"expr\":{\"ThemeDataColor\":{\"ColorId\":0,\"Percent\":0}}}}}}}]},\"vcObjects\":{\"background\":[{\"properties\":{\"transparency\":{\"expr\":{\"Literal\":{\"Value\":\"88D\"}}}}}],\"border\":[{\"properties\":{\"show\":{\"expr\":{\"Literal\":{\"Value\":\"true\"}}},\"color\":{\"solid\":{\"color\":{\"expr\":{\"ThemeDataColor\":{\"ColorId\":4,\"Percent\":0.6}}}}},\"radius\":{\"expr\":{\"Literal\":{\"Value\":\"11D\"}}}}}],\"visualHeader\":[{\"properties\":{\"show\":{\"expr\":{\"Literal\":{\"Value\":\"false\"}}}}}],\"title\":[{\"properties\":{\"text\":{\"expr\":{\"Literal\":{\"Value\":\"'Sales by Category'\"}}},\"fontColor\":{\"solid\":{\"color\":{\"expr\":{\"ThemeDataColor\":{\"ColorId\":0,\"Percent\":0}}}}},\"alignment\":{\"expr\":{\"Literal\":{\"Value\":\"'center'\"}}}}}],\"visualTooltip\":[{\"properties\":{\"show\":{\"expr\":{\"Literal\":{\"Value\":\"true\"}}}}}]}}}",
          "filters": "[]",
          "height": 256.82,
          "width": 244.46,
          "x": 1.01,
          "y": 4.12,
          "z": 0.00
        },
        {
          "config": "{\"name\":\"9186e351b04a4094e0ae\",\"layouts\":[{\"id\":0,\"position\":{\"x\":747.1244635193133,\"y\":521.8884120171674,\"z\":8000,\"width\":240.34334763948496,\"height\":197.76824034334763,\"tabOrder\":8000}}],\"singleVisual\":{\"visualType\":\"donutChart\",\"projections\":{\"Category\":[{\"queryRef\":\"Sheet1.Segment\",\"active\":true}],\"Y\":[{\"queryRef\":\"CountNonNull(Sheet1.Payment Mode)\"}]},\"prototypeQuery\":{\"Version\":2,\"From\":[{\"Name\":\"s\",\"Entity\":\"Sheet1\",\"Type\":0}],\"Select\":[{\"Column\":{\"Expression\":{\"SourceRef\":{\"Source\":\"s\"}},\"Property\":\"Segment\"},\"Name\":\"Sheet1.Segment\",\"NativeReferenceName\":\"Segment\"},{\"Aggregation\":{\"Expression\":{\"Column\":{\"Expression\":{\"SourceRef\":{\"Source\":\"s\"}},\"Property\":\"Payment Mode\"}},\"Function\":5},\"Name\":\"CountNonNull(Sheet1.Payment Mode)\",\"NativeReferenceName\":\"Count of Payment Mode\"}],\"OrderBy\":[{\"Direction\":2,\"Expression\":{\"Aggregation\":{\"Expression\":{\"Column\":{\"Expression\":{\"SourceRef\":{\"Source\":\"s\"}},\"Property\":\"Payment Mode\"}},\"Function\":5}}}]},\"drillFilterOtherVisuals\":true,\"hasDefaultSort\":true,\"objects\":{\"legend\":[{\"properties\":{\"labelColor\":{\"solid\":{\"color\":{\"expr\":{\"ThemeDataColor\":{\"ColorId\":0,\"Percent\":0}}}}},\"show\":{\"expr\":{\"Literal\":{\"Value\":\"false\"}}}}}],\"dataPoint\":[{\"properties\":{\"fill\":{\"solid\":{\"color\":{\"expr\":{\"ThemeDataColor\":{\"ColorId\":4,\"Percent\":0}}}}}}}],\"labels\":[{\"properties\":{\"show\":{\"expr\":{\"Literal\":{\"Value\":\"true\"}}},\"color\":{\"solid\":{\"color\":{\"expr\":{\"ThemeDataColor\":{\"ColorId\":0,\"Percent\":0}}}}},\"labelStyle\":{\"expr\":{\"Literal\":{\"Value\":\"'Category, percent of total'\"}}},\"percentageLabelPrecision\":{\"expr\":{\"Literal\":{\"Value\":\"0L\"}}}}}],\"slices\":[{\"properties\":{\"startAngle\":{\"expr\":{\"Literal\":{\"Value\":\"0L\"}}}}}]},\"vcObjects\":{\"title\":[{\"properties\":{\"titleWrap\":{\"expr\":{\"Literal\":{\"Value\":\"true\"}}},\"fontColor\":{\"solid\":{\"color\":{\"expr\":{\"ThemeDataColor\":{\"ColorId\":0,\"Percent\":0}}}}},\"alignment\":{\"expr\":{\"Literal\":{\"Value\":\"'center'\"}}},\"text\":{\"expr\":{\"Literal\":{\"Value\":\"'Segment by Payment'\"}}}}}],\"background\":[{\"properties\":{\"show\":{\"expr\":{\"Literal\":{\"Value\":\"true\"}}},\"transparency\":{\"expr\":{\"Literal\":{\"Value\":\"88D\"}}}}}],\"border\":[{\"properties\":{\"show\":{\"expr\":{\"Literal\":{\"Value\":\"true\"}}},\"color\":{\"solid\":{\"color\":{\"expr\":{\"ThemeDataColor\":{\"ColorId\":4,\"Percent\":0.6}}}}},\"radius\":{\"expr\":{\"Literal\":{\"Value\":\"11D\"}}},\"width\":{\"expr\":{\"Literal\":{\"Value\":\"1D\"}}}}}],\"visualHeader\":[{\"properties\":{\"show\":{\"expr\":{\"Literal\":{\"Value\":\"false\"}}}}}]}}}",
          "filters": "[]",
          "height": 197.77,
          "width": 240.34,
          "x": 747.12,
          "y": 521.89,
          "z": 8000.00
        },
        {
          "config": "{\"name\":\"cb72c010514b7de00ff5\",\"layouts\":[{\"id\":0,\"position\":{\"x\":756.7381974248926,\"y\":401.40343347916985,\"z\":13000,\"width\":267.81115879828326,\"height\":111.24463519313305,\"tabOrder\":13000}}],\"singleVisual\":{\"visualType\":\"card\",\"projections\":{\"Values\":[{\"queryRef\":\"Min(Sheet1.Returns)\"}]},\"prototypeQuery\":{\"Version\":2,\"From\":[{\"Name\":\"s\",\"Entity\":\"Sheet1\",\"Type\":0}],\"Select\":[{\"Aggregation\":{\"Expression\":{\"Column\":{\"Expression\":{\"SourceRef\":{\"Source\":\"s\"}},\"Property\":\"Returns\"}},\"Function\":3},\"Name\":\"Min(Sheet1.Returns)\",\"NativeReferenceName\":\"First Returns\"}],\"OrderBy\":[{\"Direction\":2,\"Expression\":{\"Aggregation\":{\"Expression\":{\"Column\":{\"Expression\":{\"SourceRef\":{\"Source\":\"s\"}},\"Property\":\"Quantity\"}},\"Function\":0}}}]},\"drillFilterOtherVisuals\":true,\"hasDefaultSort\":true,\"objects\":{\"categoryLabels\":[{\"properties\":{\"show\":{\"expr\":{\"Literal\":{\"Value\":\"false\"}}}}}],\"labels\":[{\"properties\":{\"color\":{\"solid\":{\"color\":{\"expr\":{\"ThemeDataColor\":{\"ColorId\":0,\"Percent\":0}}}}},\"fontSize\":{\"expr\":{\"Literal\":{\"Value\":\"45D\"}}}}}]},\"vcObjects\":{\"title\":[{\"properties\":{\"text\":{\"expr\":{\"Literal\":{\"Value\":\"'Return'\"}}},\"titleWrap\":{\"expr\":{\"Literal\":{\"Value\":\"true\"}}},\"fontColor\":{\"solid\":{\"color\":{\"expr\":{\"ThemeDataColor\":{\"ColorId\":0,\"Percent\":0}}}}},\"alignment\":{\"expr\":{\"Literal\":{\"Value\":\"'center'\"}}},\"show\":{\"expr\":{\"Literal\":{\"Value\":\"true\"}}}}}],\"background\":[{\"properties\":{\"show\":{\"expr\":{\"Literal\":{\"Value\":\"true\"}}},\"transparency\":{\"expr\":{\"Literal\":{\"Value\":\"88D\"}}}}}],\"border\":[{\"properties\":{\"show\":{\"expr\":{\"Literal\":{\"Value\":\"true\"}}},\"color\":{\"solid\":{\"color\":{\"expr\":{\"ThemeDataColor\":{\"ColorId\":4,\"Percent\":0.6}}}}},\"radius\":{\"expr\":{\"Literal\":{\"Value\":\"11D\"}}},\"width\":{\"expr\":{\"Literal\":{\"Value\":\"1D\"}}}}}],\"visualHeader\":[{\"properties\":{\"show\":{\"expr\":{\"Literal\":{\"Value\":\"false\"}}}}}],\"visualTooltip\":[{\"properties\":{\"show\":{\"expr\":{\"Literal\":{\"Value\":\"false\"}}}}}]}}}",
          "filters": "[]",
          "height": 111.24,
          "width": 267.81,
          "x": 756.74,
          "y": 401.40,
          "z": 13000.00
        },
        {
          "config": "{\"name\":\"dea583237c1e37da8919\",\"layouts\":[{\"id\":0,\"position\":{\"x\":1024.549356223176,\"y\":401.40343347916985,\"z\":10000,\"width\":255.45064377682402,\"height\":111.24463519313305,\"tabOrder\":10000}}],\"singleVisual\":{\"visualType\":\"card\",\"projections\":{\"Values\":[{\"queryRef\":\"Sum(Sheet1.Profit)\"}]},\"prototypeQuery\":{\"Version\":2,\"From\":[{\"Name\":\"s\",\"Entity\":\"Sheet1\",\"Type\":0}],\"Select\":[{\"Aggregation\":{\"Expression\":{\"Column\":{\"Expression\":{\"SourceRef\":{\"Source\":\"s\"}},\"Property\":\"Profit\"}},\"Function\":0},\"Name\":\"Sum(Sheet1.Profit)\",\"NativeReferenceName\":\"Sum of Profit\"}],\"OrderBy\":[{\"Direction\":2,\"Expression\":{\"Aggregation\":{\"Expression\":{\"Column\":{\"Expression\":{\"SourceRef\":{\"Source\":\"s\"}},\"Property\":\"Profit\"}},\"Function\":0}}}]},\"drillFilterOtherVisuals\":true,\"hasDefaultSort\":true,\"objects\":{\"categoryLabels\":[{\"properties\":{\"show\":{\"expr\":{\"Literal\":{\"Value\":\"false\"}}}}}],\"labels\":[{\"properties\":{\"color\":{\"solid\":{\"color\":{\"expr\":{\"ThemeDataColor\":{\"ColorId\":0,\"Percent\":0}}}}},\"fontSize\":{\"expr\":{\"Literal\":{\"Value\":\"45D\"}}},\"labelPrecision\":{\"expr\":{\"Literal\":{\"Value\":\"0L\"}}}}}]},\"vcObjects\":{\"title\":[{\"properties\":{\"text\":{\"expr\":{\"Literal\":{\"Value\":\"'Profit'\"}}},\"titleWrap\":{\"expr\":{\"Literal\":{\"Value\":\"true\"}}},\"fontColor\":{\"solid\":{\"color\":{\"expr\":{\"ThemeDataColor\":{\"ColorId\":0,\"Percent\":0}}}}},\"alignment\":{\"expr\":{\"Literal\":{\"Value\":\"'center'\"}}},\"show\":{\"expr\":{\"Literal\":{\"Value\":\"true\"}}}}}],\"background\":[{\"properties\":{\"show\":{\"expr\":{\"Literal\":{\"Value\":\"true\"}}},\"transparency\":{\"expr\":{\"Literal\":{\"Value\":\"88D\"}}}}}],\"border\":[{\"properties\":{\"show\":{\"expr\":{\"Literal\":{\"Value\":\"true\"}}},\"color\":{\"solid\":{\"color\":{\"expr\":{\"ThemeDataColor\":{\"ColorId\":4,\"Percent\":0.6}}}}},\"radius\":{\"expr\":{\"Literal\":{\"Value\":\"11D\"}}},\"width\":{\"expr\":{\"Literal\":{\"Value\":\"1D\"}}}}}],\"visualHeader\":[{\"properties\":{\"show\":{\"expr\":{\"Literal\":{\"Value\":\"false\"}}}}}],\"visualTooltip\":[{\"properties\":{\"show\":{\"expr\":{\"Literal\":{\"Value\":\"false\"}}}}}]}}}",
          "filters": "[]",
          "height": 111.24,
          "width": 255.45,
          "x": 1024.55,
          "y": 401.40,
          "z": 10000.00
        },
        {
          "config": "{\"name\":\"fd420a0eac29c5852c4b\",\"layouts\":[{\"id\":0,\"position\":{\"x\":245.83690987124461,\"y\":263.6909871244635,\"z\":4000,\"width\":501.28755364806864,\"height\":258.19742489270385,\"tabOrder\":4000}}],\"singleVisual\":{\"visualType\":\"stackedAreaChart\",\"projections\":{\"Category\":[{\"queryRef\":\"Sheet1.Order Date.Variation.Date Hierarchy.Month\",\"active\":true}],\"Series\":[{\"queryRef\":\"Sheet1.Order Date.Variation.Date Hierarchy.Year\"}],\"Y\":[{\"queryRef\":\"Sum(Sheet1.Profit)\"}]},\"prototypeQuery\":{\"Version\":2,\"From\":[{\"Name\":\"s\",\"Entity\":\"Sheet1\",\"Type\":0}],\"Select\":[{\"HierarchyLevel\":{\"Expression\":{\"Hierarchy\":{\"Expression\":{\"PropertyVariationSource\":{\"Expression\":{\"SourceRef\":{\"Source\":\"s\"}},\"Name\":\"Variation\",\"Property\":\"Order Date\"}},\"Hierarchy\":\"Date Hierarchy\"}},\"Level\":\"Month\"},\"Name\":\"Sheet1.Order Date.Variation.Date Hierarchy.Month\",\"NativeReferenceName\":\"Order Date Month\"},{\"HierarchyLevel\":{\"Expression\":{\"Hierarchy\":{\"Expression\":{\"PropertyVariationSource\":{\"Expression\":{\"SourceRef\":{\"Source\":\"s\"}},\"Name\":\"Variation\",\"Property\":\"Order Date\"}},\"Hierarchy\":\"Date Hierarchy\"}},\"Level\":\"Year\"},\"Name\":\"Sheet1.Order Date.Variation.Date Hierarchy.Year\",\"NativeReferenceName\":\"Order Date Year\"},{\"Aggregation\":{\"Expression\":{\"Column\":{\"Expression\":{\"SourceRef\":{\"Source\":\"s\"}},\"Property\":\"Profit\"}},\"Function\":0},\"Name\":\"Sum(Sheet1.Profit)\",\"NativeReferenceName\":\"Sum of Profit\"}]},\"drillFilterOtherVisuals\":true,\"objects\":{\"categoryAxis\":[{\"properties\":{\"maxMarginFactor\":{\"expr\":{\"Literal\":{\"Value\":\"37L\"}}},\"fontSize\":{\"expr\":{\"Literal\":{\"Value\":\"10D\"}}},\"labelColor\":{\"solid\":{\"color\":{\"expr\":{\"ThemeDataColor\":{\"ColorId\":0,\"Percent\":0}}}}},\"showAxisTitle\":{\"expr\":{\"Literal\":{\"Value\":\"false\"}}}}}],\"valueAxis\":[{\"properties\":{\"show\":{\"expr\":{\"Literal\":{\"Value\":\"true\"}}},\"fontSize\":{\"expr\":{\"Literal\":{\"Value\":\"10D\"}}},\"labelColor\":{\"solid\":{\"color\":{\"expr\":{\"ThemeDataColor\":{\"ColorId\":0,\"Percent\":0}}}}},\"showAxisTitle\":{\"expr\":{\"Literal\":{\"Value\":\"false\"}}},\"gridlineShow\":{\"expr\":{\"Literal\":{\"Value\":\"false\"}}}}}],\"dataPoint\":[{\"properties\":{\"fill\":{\"solid\":{\"color\":{\"expr\":{\"ThemeDataColor\":{\"ColorId\":4,\"Percent\":0}}}}}}}],\"labels\":[{\"properties\":{\"show\":{\"expr\":{\"Literal\":{\"Value\":\"false\"}}},\"color\":{\"solid\":{\"color\":{\"expr\":{\"ThemeDataColor\":{\"ColorId\":0,\"Percent\":0}}}}}}}],\"legend\":[{\"properties\":{\"legendMarkerRendering\":{\"expr\":{\"Literal\":{\"Value\":\"'markerCircleDefault'\"}}},\"labelColor\":{\"solid\":{\"color\":{\"expr\":{\"ThemeDataColor\":{\"ColorId\":0,\"Percent\":0}}}}}}}]},\"vcObjects\":{\"title\":[{\"properties\":{\"titleWrap\":{\"expr\":{\"Literal\":{\"Value\":\"true\"}}},\"fontColor\":{\"solid\":{\"color\":{\"expr\":{\"ThemeDataColor\":{\"ColorId\":0,\"Percent\":0}}}}},\"alignment\":{\"expr\":{\"Literal\":{\"Value\":\"'center'\"}}},\"text\":{\"expr\":{\"Literal\":{\"Value\":\"'Monthly Profit by YoY'\"}}}}}],\"background\":[{\"properties\":{\"show\":{\"expr\":{\"Literal\":{\"Value\":\"true\"}}},\"transparency\":{\"expr\":{\"Literal\":{\"Value\":\"88D\"}}}}}],\"border\":[{\"properties\":{\"show\":{\"expr\":{\"Literal\":{\"Value\":\"true\"}}},\"color\":{\"solid\":{\"color\":{\"expr\":{\"ThemeDataColor\":{\"ColorId\":4,\"Percent\":0.6}}}}},\"radius\":{\"expr\":{\"Literal\":{\"Value\":\"11D\"}}},\"width\":{\"expr\":{\"Literal\":{\"Value\":\"1D\"}}}}}],\"visualHeader\":[{\"properties\":{\"show\":{\"expr\":{\"Literal\":{\"Value\":\"false\"}}}}}]}}}",
          "filters": "[]",
          "height": 258.20,
          "width": 501.29,
          "x": 245.84,
          "y": 263.69,
          "z": 4000.00
        }
      ],
      "width": 1280.00
    },
    {
      "config": "{\"objects\":{\"background\":[{\"properties\":{\"image\":{\"image\":{\"name\":{\"expr\":{\"Literal\":{\"Value\":\"'839d0842fb45623e903b144ba4e16fb9.jpg'\"}}},\"url\":{\"expr\":{\"ResourcePackageItem\":{\"PackageName\":\"RegisteredResources\",\"PackageType\":1,\"ItemName\":\"839d0842fb45623e903b144ba4e16f5291055693325992.jpg\"}}},\"scaling\":{\"expr\":{\"Literal\":{\"Value\":\"'Fit'\"}}}}},\"transparency\":{\"expr\":{\"Literal\":{\"Value\":\"24D\"}}}}}]}}",
      "displayName": "Page 2",
      "displayOption": 1,
      "filters": "[]",
      "height": 720.00,
      "name": "818fd62c4704b46ee47a",
      "ordinal": 1,
      "visualContainers": [
        {
          "config": "{\"name\":\"3402b93bedc8325d2f0e\",\"layouts\":[{\"id\":0,\"position\":{\"x\":1.1636363636363636,\"y\":60.50909090909091,\"z\":0,\"width\":960,\"height\":326.9818181818182,\"tabOrder\":0}}],\"singleVisual\":{\"visualType\":\"lineChart\",\"projections\":{\"Y\":[{\"queryRef\":\"Sum(Sheet1.Sales)\"}],\"Category\":[{\"queryRef\":\"Sheet1.Order Date\",\"active\":true}]},\"prototypeQuery\":{\"Version\":2,\"From\":[{\"Name\":\"s\",\"Entity\":\"Sheet1\",\"Type\":0}],\"Select\":[{\"Aggregation\":{\"Expression\":{\"Column\":{\"Expression\":{\"SourceRef\":{\"Source\":\"s\"}},\"Property\":\"Sales\"}},\"Function\":0},\"Name\":\"Sum(Sheet1.Sales)\",\"NativeReferenceName\":\"Sum of Sales\"},{\"Column\":{\"Expression\":{\"SourceRef\":{\"Source\":\"s\"}},\"Property\":\"Order Date\"},\"Name\":\"Sheet1.Order Date\",\"NativeReferenceName\":\"Order Date\"}],\"OrderBy\":[{\"Direction\":1,\"Expression\":{\"Column\":{\"Expression\":{\"SourceRef\":{\"Source\":\"s\"}},\"Property\":\"Order Date\"}}}]},\"drillFilterOtherVisuals\":true,\"hasDefaultSort\":true,\"objects\":{\"forecast\":[{\"properties\":{\"show\":{\"expr\":{\"Literal\":{\"Value\":\"true\"}}},\"displayName\":{\"expr\":{\"Literal\":{\"Value\":\"'Forecast 1'\"}}},\"transform\":{\"algorithm\":\"Forecast\",\"parameters\":[{\"Literal\":{\"Value\":\"3D\"},\"Name\":\"Unit\"},{\"Literal\":{\"Value\":\"15D\"},\"Name\":\"ForecastLength\"},{\"Literal\":{\"Value\":\"0D\"},\"Name\":\"IgnoreLast\"},{\"Literal\":{\"Value\":\"0.95D\"},\"Name\":\"ConfidenceLevel\"}]}},\"selector\":{\"metadata\":\"Sum(Sheet1.Sales)\",\"id\":\"1\"}}],\"categoryAxis\":[{\"properties\":{\"maxMarginFactor\":{\"expr\":{\"Literal\":{\"Value\":\"38L\"}}},\"fontSize\":{\"expr\":{\"Literal\":{\"Value\":\"10D\"}}},\"labelColor\":{\"solid\":{\"color\":{\"expr\":{\"ThemeDataColor\":{\"ColorId\":0,\"Percent\":0}}}}},\"showAxisTitle\":{\"expr\":{\"Literal\":{\"Value\":\"false\"}}}}}],\"valueAxis\":[{\"properties\":{\"show\":{\"expr\":{\"Literal\":{\"Value\":\"false\"}}},\"fontSize\":{\"expr\":{\"Literal\":{\"Value\":\"10D\"}}},\"labelColor\":{\"solid\":{\"color\":{\"expr\":{\"ThemeDataColor\":{\"ColorId\":0,\"Percent\":0}}}}},\"showAxisTitle\":{\"expr\":{\"Literal\":{\"Value\":\"false\"}}},\"gridlineShow\":{\"expr\":{\"Literal\":{\"Value\":\"false\"}}}}}],\"dataPoint\":[{\"properties\":{\"fill\":{\"solid\":{\"color\":{\"expr\":{\"ThemeDataColor\":{\"ColorId\":4,\"Percent\":0}}}}}}}],\"labels\":[{\"properties\":{\"show\":{\"expr\":{\"Literal\":{\"Value\":\"true\"}}},\"color\":{\"solid\":{\"color\":{\"expr\":{\"ThemeDataColor\":{\"ColorId\":0,\"Percent\":0}}}}}}}]},\"vcObjects\":{\"title\":[{\"properties\":{\"titleWrap\":{\"expr\":{\"Literal\":{\"Value\":\"true\"}}},\"fontColor\":{\"solid\":{\"color\":{\"expr\":{\"ThemeDataColor\":{\"ColorId\":0,\"Percent\":0}}}}},\"alignment\":{\"expr\":{\"Literal\":{\"Value\":\"'center'\"}}},\"text\":{\"expr\":{\"Literal\":{\"Value\":\"'Sales Forecast - 15 Days'\"}}},\"bold\":{\"expr\":{\"Literal\":{\"Value\":\"true\"}}}}}],\"background\":[{\"properties\":{\"show\":{\"expr\":{\"Literal\":{\"Value\":\"true\"}}},\"transparency\":{\"expr\":{\"Literal\":{\"Value\":\"88D\"}}}}}],\"border\":[{\"properties\":{\"show\":{\"expr\":{\"Literal\":{\"Value\":\"true\"}}},\"color\":{\"solid\":{\"color\":{\"expr\":{\"ThemeDataColor\":{\"ColorId\":4,\"Percent\":0.6}}}}},\"radius\":{\"expr\":{\"Literal\":{\"Value\":\"11D\"}}},\"width\":{\"expr\":{\"Literal\":{\"Value\":\"1D\"}}}}}],\"visualTooltip\":[{\"properties\":{\"show\":{\"expr\":{\"Literal\":{\"Value\":\"true\"}}}}}],\"visualHeader\":[{\"properties\":{\"show\":{\"expr\":{\"Literal\":{\"Value\":\"false\"}}}}}]}}}",
          "filters": "[]",
          "height": 326.98,
          "width": 960.00,
          "x": 1.16,
          "y": 60.51,
          "z": 0.00
        },
        {
          "config": "{\"name\":\"6159cd7c428b0d330dfa\",\"layouts\":[{\"id\":0,\"position\":{\"x\":0,\"y\":392.1454545454545,\"z\":1000,\"width\":960,\"height\":328.1454545454545,\"tabOrder\":1000}}],\"singleVisual\":{\"visualType\":\"lineChart\",\"projections\":{\"Y\":[{\"queryRef\":\"Sum(Sheet1.Sales)\"}],\"Category\":[{\"queryRef\":\"Sheet1.Order Date\",\"active\":true}]},\"prototypeQuery\":{\"Version\":2,\"From\":[{\"Name\":\"s\",\"Entity\":\"Sheet1\",\"Type\":0}],\"Select\":[{\"Aggregation\":{\"Expression\":{\"Column\":{\"Expression\":{\"SourceRef\":{\"Source\":\"s\"}},\"Property\":\"Sales\"}},\"Function\":0},\"Name\":\"Sum(Sheet1.Sales)\",\"NativeReferenceName\":\"Sum of Sales\"},{\"Column\":{\"Expression\":{\"SourceRef\":{\"Source\":\"s\"}},\"Property\":\"Order Date\"},\"Name\":\"Sheet1.Order Date\",\"NativeReferenceName\":\"Order Date\"}],\"OrderBy\":[{\"Direction\":1,\"Expression\":{\"Column\":{\"Expression\":{\"SourceRef\":{\"Source\":\"s\"}},\"Property\":\"Order Date\"}}}]},\"drillFilterOtherVisuals\":true,\"hasDefaultSort\":true,\"objects\":{\"forecast\":[{\"properties\":{\"show\":{\"expr\":{\"Literal\":{\"Value\":\"true\"}}},\"displayName\":{\"expr\":{\"Literal\":{\"Value\":\"'Forecast 1'\"}}},\"transform\":{\"algorithm\":\"Forecast\",\"parameters\":[{\"Literal\":{\"Value\":\"3D\"},\"Name\":\"Unit\"},{\"Literal\":{\"Value\":\"15D\"},\"Name\":\"ForecastLength\"},{\"Literal\":{\"Value\":\"0D\"},\"Name\":\"IgnoreLast\"},{\"Literal\":{\"Value\":\"0.95D\"},\"Name\":\"ConfidenceLevel\"}]}},\"selector\":{\"metadata\":\"Sum(Sheet1.Sales)\",\"id\":\"1\"}}],\"categoryAxis\":[{\"properties\":{\"maxMarginFactor\":{\"expr\":{\"Literal\":{\"Value\":\"38L\"}}},\"fontSize\":{\"expr\":{\"Literal\":{\"Value\":\"10D\"}}},\"labelColor\":{\"solid\":{\"color\":{\"expr\":{\"ThemeDataColor\":{\"ColorId\":0,\"Percent\":0}}}}},\"showAxisTitle\":{\"expr\":{\"Literal\":{\"Value\":\"false\"}}}}}],\"valueAxis\":[{\"properties\":{\"show\":{\"expr\":{\"Literal\":{\"Value\":\"false\"}}},\"fontSize\":{\"expr\":{\"Literal\":{\"Value\":\"10D\"}}},\"labelColor\":{\"solid\":{\"color\":{\"expr\":{\"ThemeDataColor\":{\"ColorId\":0,\"Percent\":0}}}}},\"showAxisTitle\":{\"expr\":{\"Literal\":{\"Value\":\"false\"}}},\"gridlineShow\":{\"expr\":{\"Literal\":{\"Value\":\"false\"}}}}}],\"dataPoint\":[{\"properties\":{\"fill\":{\"solid\":{\"color\":{\"expr\":{\"ThemeDataColor\":{\"ColorId\":4,\"Percent\":0}}}}}}}],\"labels\":[{\"properties\":{\"show\":{\"expr\":{\"Literal\":{\"Value\":\"true\"}}},\"color\":{\"solid\":{\"color\":{\"expr\":{\"ThemeDataColor\":{\"ColorId\":0,\"Percent\":0}}}}}}}],\"zoom\":[{\"properties\":{\"show\":{\"expr\":{\"Literal\":{\"Value\":\"true\"}}},\"categoryMin\":{\"expr\":{\"Literal\":{\"Value\":\"1D\"}}},\"categorySize\":{\"expr\":{\"Literal\":{\"Value\":\"5071418181.818115D\"}}}}}],\"seriesLabels\":[{\"properties\":{\"show\":{\"expr\":{\"Literal\":{\"Value\":\"false\"}}}}}]},\"vcObjects\":{\"title\":[{\"properties\":{\"titleWrap\":{\"expr\":{\"Literal\":{\"Value\":\"true\"}}},\"fontColor\":{\"solid\":{\"color\":{\"expr\":{\"ThemeDataColor\":{\"ColorId\":0,\"Percent\":0}}}}},\"alignment\":{\"expr\":{\"Literal\":{\"Value\":\"'center'\"}}},\"text\":{\"expr\":{\"Literal\":{\"Value\":\"'Sales Forecast - 15 Days'\"}}},\"bold\":{\"expr\":{\"Literal\":{\"Value\":\"true\"}}}}}],\"background\":[{\"properties\":{\"show\":{\"expr\":{\"Literal\":{\"Value\":\"true\"}}},\"transparency\":{\"expr\":{\"Literal\":{\"Value\":\"88D\"}}}}}],\"border\":[{\"properties\":{\"show\":{\"expr\":{\"Literal\":{\"Value\":\"true\"}}},\"color\":{\"solid\":{\"color\":{\"expr\":{\"ThemeDataColor\":{\"ColorId\":4,\"Percent\":0.6}}}}},\"radius\":{\"expr\":{\"Literal\":{\"Value\":\"11D\"}}},\"width\":{\"expr\":{\"Literal\":{\"Value\":\"1D\"}}}}}],\"visualTooltip\":[{\"properties\":{\"show\":{\"expr\":{\"Literal\":{\"Value\":\"true\"}}},\"themedTitleFontColor\":{\"solid\":{\"color\":{\"expr\":{\"ThemeDataColor\":{\"ColorId\":1,\"Percent\":0}}}}}}}],\"visualHeader\":[{\"properties\":{\"show\":{\"expr\":{\"Literal\":{\"Value\":\"false\"}}}}}]}}}",
          "filters": "[]",
          "height": 328.15,
          "width": 960.00,
          "x": 0.00,
          "y": 392.15,
          "z": 1000.00
        },
        {
          "config": "{\"name\":\"c4a1dff2d0d7496058b9\",\"layouts\":[{\"id\":0,\"position\":{\"x\":965.8181818181819,\"y\":0,\"z\":2000,\"width\":309.5272727272727,\"height\":720,\"tabOrder\":2000}}],\"singleVisual\":{\"visualType\":\"clusteredBarChart\",\"projections\":{\"Category\":[{\"queryRef\":\"Sheet1.State\",\"active\":true}],\"Y\":[{\"queryRef\":\"Sum(Sheet1.Sales)\"}]},\"prototypeQuery\":{\"Version\":2,\"From\":[{\"Name\":\"s\",\"Entity\":\"Sheet1\",\"Type\":0}],\"Select\":[{\"Column\":{\"Expression\":{\"SourceRef\":{\"Source\":\"s\"}},\"Property\":\"State\"},\"Name\":\"Sheet1.State\",\"NativeReferenceName\":\"State\"},{\"Arithmetic\":{\"Left\":{\"Aggregation\":{\"Expression\":{\"Column\":{\"Expression\":{\"SourceRef\":{\"Source\":\"s\"}},\"Property\":\"Sales\"}},\"Function\":0}},\"Right\":{\"ScopedEval\":{\"Expression\":{\"Aggregation\":{\"Expression\":{\"Column\":{\"Expression\":{\"SourceRef\":{\"Source\":\"s\"}},\"Property\":\"Sales\"}},\"Function\":0}},\"Scope\":[]}},\"Operator\":3},\"Name\":\"Sum(Sheet1.Sales)\",\"NativeReferenceName\":\"%GT Sum of Sales\"}],\"OrderBy\":[{\"Direction\":2,\"Expression\":{\"Arithmetic\":{\"Left\":{\"Aggregation\":{\"Expression\":{\"Column\":{\"Expression\":{\"SourceRef\":{\"Source\":\"s\"}},\"Property\":\"Sales\"}},\"Function\":0}},\"Right\":{\"ScopedEval\":{\"Expression\":{\"Aggregation\":{\"Expression\":{\"Column\":{\"Expression\":{\"SourceRef\":{\"Source\":\"s\"}},\"Property\":\"Sales\"}},\"Function\":0}},\"Scope\":[]}},\"Operator\":3}}}]},\"queryOptions\":{\"keepProjectionOrder\":true},\"showAllRoles\":[\"Category\"],\"drillFilterOtherVisuals\":true,\"hasDefaultSort\":true,\"objects\":{\"categoryAxis\":[{\"properties\":{\"maxMarginFactor\":{\"expr\":{\"Literal\":{\"Value\":\"38L\"}}},\"fontSize\":{\"expr\":{\"Literal\":{\"Value\":\"14D\"}}},\"labelColor\":{\"solid\":{\"color\":{\"expr\":{\"ThemeDataColor\":{\"ColorId\":0,\"Percent\":0}}}}},\"showAxisTitle\":{\"expr\":{\"Literal\":{\"Value\":\"false\"}}}}}],\"valueAxis\":[{\"properties\":{\"show\":{\"expr\":{\"Literal\":{\"Value\":\"false\"}}},\"fontSize\":{\"expr\":{\"Literal\":{\"Value\":\"10D\"}}},\"labelColor\":{\"solid\":{\"color\":{\"expr\":{\"ThemeDataColor\":{\"ColorId\":0,\"Percent\":0}}}}},\"showAxisTitle\":{\"expr\":{\"Literal\":{\"Value\":\"false\"}}},\"gridlineShow\":{\"expr\":{\"Literal\":{\"Value\":\"false\"}}}}}],\"dataPoint\":[{\"properties\":{\"fill\":{\"solid\":{\"color\":{\"expr\":{\"ThemeDataColor\":{\"ColorId\":4,\"Percent\":0}}}}},\"fillTransparency\":{\"expr\":{\"Literal\":{\"Value\":\"0D\"}}}}}],\"labels\":[{\"properties\":{\"show\":{\"expr\":{\"Literal\":{\"Value\":\"true\"}}},\"color\":{\"solid\":{\"color\":{\"expr\":{\"ThemeDataColor\":{\"ColorId\":0,\"Percent\":0}}}}},\"labelPosition\":{\"expr\":{\"Literal\":{\"Value\":\"'Auto'\"}}},\"labelPrecision\":{\"expr\":{\"Literal\":{\"Value\":\"2L\"}}}}}]},\"vcObjects\":{\"title\":[{\"properties\":{\"titleWrap\":{\"expr\":{\"Literal\":{\"Value\":\"true\"}}},\"fontColor\":{\"solid\":{\"color\":{\"expr\":{\"ThemeDataColor\":{\"ColorId\":0,\"Percent\":0}}}}},\"alignment\":{\"expr\":{\"Literal\":{\"Value\":\"'center'\"}}},\"text\":{\"expr\":{\"Literal\":{\"Value\":\"'Sales by States'\"}}},\"fontSize\":{\"expr\":{\"Literal\":{\"Value\":\"17D\"}}}}}],\"background\":[{\"properties\":{\"show\":{\"expr\":{\"Literal\":{\"Value\":\"true\"}}},\"transparency\":{\"expr\":{\"Literal\":{\"Value\":\"88D\"}}}}}],\"border\":[{\"properties\":{\"show\":{\"expr\":{\"Literal\":{\"Value\":\"true\"}}},\"color\":{\"solid\":{\"color\":{\"expr\":{\"ThemeDataColor\":{\"ColorId\":4,\"Percent\":0.6}}}}},\"radius\":{\"expr\":{\"Literal\":{\"Value\":\"11D\"}}},\"width\":{\"expr\":{\"Literal\":{\"Value\":\"1D\"}}}}}],\"visualTooltip\":[{\"properties\":{\"show\":{\"expr\":{\"Literal\":{\"Value\":\"true\"}}},\"type\":{\"expr\":{\"Literal\":{\"Value\":\"'Canvas'\"}}}}}],\"visualHeader\":[{\"properties\":{\"show\":{\"expr\":{\"Literal\":{\"Value\":\"false\"}}}}}],\"spacing\":[{\"properties\":{\"verticalSpacing\":{\"expr\":{\"Literal\":{\"Value\":\"5D\"}}}}}]}}}",
          "filters": "[]",
          "height": 720.00,
          "width": 309.53,
          "x": 965.82,
          "y": 0.00,
          "z": 2000.00
        },
        {
          "config": "{\"name\":\"faa9dde79878bcafef11\",\"layouts\":[{\"id\":0,\"position\":{\"x\":3.4909090909090907,\"y\":1.1636363636363636,\"z\":3000,\"width\":960,\"height\":54.69090909090909,\"tabOrder\":3000}}],\"singleVisual\":{\"visualType\":\"textbox\",\"drillFilterOtherVisuals\":true,\"objects\":{\"general\":[{\"properties\":{\"paragraphs\":[{\"textRuns\":[{\"value\":\"Super Store Sales Forecast - 15 Days Forecast\",\"textStyle\":{\"fontWeight\":\"bold\",\"fontSize\":\"18pt\",\"textDecoration\":\"underline\",\"color\":\"#ffffff\"}}],\"horizontalTextAlignment\":\"center\"}]}}]},\"vcObjects\":{\"title\":[{\"properties\":{\"titleWrap\":{\"expr\":{\"Literal\":{\"Value\":\"true\"}}},\"fontColor\":{\"solid\":{\"color\":{\"expr\":{\"ThemeDataColor\":{\"ColorId\":0,\"Percent\":0}}}}},\"alignment\":{\"expr\":{\"Literal\":{\"Value\":\"'center'\"}}},\"bold\":{\"expr\":{\"Literal\":{\"Value\":\"true\"}}}}}],\"background\":[{\"properties\":{\"show\":{\"expr\":{\"Literal\":{\"Value\":\"true\"}}},\"transparency\":{\"expr\":{\"Literal\":{\"Value\":\"88D\"}}}}}],\"border\":[{\"properties\":{\"show\":{\"expr\":{\"Literal\":{\"Value\":\"true\"}}},\"color\":{\"solid\":{\"color\":{\"expr\":{\"ThemeDataColor\":{\"ColorId\":4,\"Percent\":0.6}}}}},\"radius\":{\"expr\":{\"Literal\":{\"Value\":\"11D\"}}},\"width\":{\"expr\":{\"Literal\":{\"Value\":\"1D\"}}}}}],\"visualTooltip\":[{\"properties\":{\"show\":{\"expr\":{\"Literal\":{\"Value\":\"true\"}}}}}],\"visualHeader\":[{\"properties\":{\"show\":{\"expr\":{\"Literal\":{\"Value\":\"false\"}}}}}]}}}",
          "filters": "[]",
          "height": 54.69,
          "width": 960.00,
          "x": 3.49,
          "y": 1.16,
          "z": 3000.00
        }
      ],
      "width": 1280.00
    }
  ]
}